stage,own_p50_us,own_p95_us,completion_p50_us,completion_p95_us,n
window_create,2232,2605,11054,11612,20
gpu_instance,33680,36701,44906,47375,20
surface_create,54,61,44994,47457,20
adapter,16814,17211,61825,63704,20
device,2928,3554,64770,67327,20
surface_caps,1429,1754,66176,68767,20
surface_config,1919,2325,68114,70701,20
runtime_boot,None,None,None,None,0
asset_read,None,None,None,None,0
ui_surface,None,None,None,None,0
quickjs,None,None,None,None,0
guest_eval,None,None,None,None,0
renderer_acquire,None,None,None,None,0
first_tick,None,None,None,None,0
render,None,None,None,None,0
redraw_delivery,42,45,68188,70770,20
request_to_present,60,62,68206,70788,20
surface_acquire,34,45,68242,70822,20
blit_ensure,None,None,None,None,0
present_encode,705,749,69092,71570,20
present_call,54,56,69745,72177,20
