sample,t0_ns,ready_epoch_ms,ready_minus_t0_ms,exit_code
1,1789302063400085040,1789302063529,129,139
2,1789302064533981786,1789302064667,134,139
3,1789302065675228474,1789302065799,124,139
4,1789302066800181142,1789302066932,132,139
5,1789302067935704310,1789302068066,131,139
6,1789302069063695686,1789302069180,117,139
7,1789302070181559549,1789302070302,121,139
8,1789302071299855744,1789302071428,129,139
9,1789302072429167186,1789302072550,121,139
10,1789302073519300787,1789302073637,118,139
11,1789302074631034447,1789302074760,129,139
12,1789302075728405456,1789302075847,119,139
13,1789302076855030761,1789302076992,137,139
14,1789302077996161733,1789302078127,131,139
15,1789302079129436996,1789302079273,144,139
16,1789302080269478999,1789302080389,120,139
17,1789302081395537625,1789302081519,124,139
18,1789302082521827523,1789302082646,125,139
19,1789302083654767281,1789302083775,121,139
20,1789302084767599635,1789302084902,135,139
21,1789302085896042431,1789302086020,124,139
22,1789302087005052562,1789302087123,118,139
23,1789302088118482249,1789302088243,125,139
24,1789302089239108783,1789302089359,120,139
25,1789302090367958741,1789302090502,135,139
